{"cameraMode":{"drawMode":0,"name":"Shaded","section":"Shading Mode"},"sceneLighting":true,"audioPlay":false,"sceneViewState":{"m_AlwaysRefresh":false,"showFog":true,"showSkybox":true,"showFlares":true,"showImageEffects":true,"showParticleSystems":true,"showVisualEffectGraphs":true,"m_FxEnabled":true},"in2DMode":false,"pivot":{"x":-12.883636474609375,"y":4.1437835693359379,"z":5.023352146148682},"rotation":{"x":0.009672352112829686,"y":0.6798183917999268,"z":0.00896813627332449,"w":-0.7332603931427002},"size":26.412940979003908,"orthographic":false}