{"cameraMode":{"drawMode":0,"name":"Shaded","section":"Shading Mode"},"sceneLighting":true,"audioPlay":false,"sceneViewState":{"m_AlwaysRefresh":false,"showFog":true,"showSkybox":true,"showFlares":true,"showImageEffects":true,"showParticleSystems":true,"showVisualEffectGraphs":true,"m_FxEnabled":true},"in2DMode":false,"pivot":{"x":-209.72048950195313,"y":21.99938201904297,"z":46.00135040283203},"rotation":{"x":0.017611471936106683,"y":0.6686133146286011,"z":0.015841878950595857,"w":-0.7432295680046082},"size":131.587646484375,"orthographic":false}